{
  "登录-4" : {
    "transaction" : "登录-4",
    "sampleCount" : 1,
    "errorCount" : 0,
    "errorPct" : 0.0,
    "meanResTime" : 69.0,
    "minResTime" : 69.0,
    "maxResTime" : 69.0,
    "pct1ResTime" : 69.0,
    "pct2ResTime" : 69.0,
    "pct3ResTime" : 69.0,
    "throughput" : 14.492753623188406,
    "receivedKBytesPerSec" : 2.8023097826086953,
    "sentKBytesPerSec" : 4.670516304347825
  },
  "登录-3" : {
    "transaction" : "登录-3",
    "sampleCount" : 1,
    "errorCount" : 0,
    "errorPct" : 0.0,
    "meanResTime" : 73.0,
    "minResTime" : 73.0,
    "maxResTime" : 73.0,
    "pct1ResTime" : 73.0,
    "pct2ResTime" : 73.0,
    "pct3ResTime" : 73.0,
    "throughput" : 13.698630136986301,
    "receivedKBytesPerSec" : 2.608625856164384,
    "sentKBytesPerSec" : 4.49486301369863
  },
  "登录-5" : {
    "transaction" : "登录-5",
    "sampleCount" : 1,
    "errorCount" : 0,
    "errorPct" : 0.0,
    "meanResTime" : 78.0,
    "minResTime" : 78.0,
    "maxResTime" : 78.0,
    "pct1ResTime" : 78.0,
    "pct2ResTime" : 78.0,
    "pct3ResTime" : 78.0,
    "throughput" : 12.82051282051282,
    "receivedKBytesPerSec" : 3.0924479166666665,
    "sentKBytesPerSec" : 4.194210737179487
  },
  "获取短信验证码" : {
    "transaction" : "获取短信验证码",
    "sampleCount" : 1,
    "errorCount" : 0,
    "errorPct" : 0.0,
    "meanResTime" : 51.0,
    "minResTime" : 51.0,
    "maxResTime" : 51.0,
    "pct1ResTime" : 51.0,
    "pct2ResTime" : 51.0,
    "pct3ResTime" : 51.0,
    "throughput" : 19.607843137254903,
    "receivedKBytesPerSec" : 3.791360294117647,
    "sentKBytesPerSec" : 6.2423406862745106
  },
  "登录" : {
    "transaction" : "登录",
    "sampleCount" : 1,
    "errorCount" : 0,
    "errorPct" : 0.0,
    "meanResTime" : 52.0,
    "minResTime" : 52.0,
    "maxResTime" : 52.0,
    "pct1ResTime" : 52.0,
    "pct2ResTime" : 52.0,
    "pct3ResTime" : 52.0,
    "throughput" : 19.230769230769234,
    "receivedKBytesPerSec" : 5.314753605769231,
    "sentKBytesPerSec" : 5.972055288461538
  },
  "Total" : {
    "transaction" : "Total",
    "sampleCount" : 11,
    "errorCount" : 0,
    "errorPct" : 0.0,
    "meanResTime" : 66.72727272727273,
    "minResTime" : 34.0,
    "maxResTime" : 105.0,
    "pct1ResTime" : 103.0,
    "pct2ResTime" : 105.0,
    "pct3ResTime" : 105.0,
    "throughput" : 6.756756756756757,
    "receivedKBytesPerSec" : 2.7035424984643734,
    "sentKBytesPerSec" : 2.263849431818182
  },
  "注册" : {
    "transaction" : "注册",
    "sampleCount" : 1,
    "errorCount" : 0,
    "errorPct" : 0.0,
    "meanResTime" : 65.0,
    "minResTime" : 65.0,
    "maxResTime" : 65.0,
    "pct1ResTime" : 65.0,
    "pct2ResTime" : 65.0,
    "pct3ResTime" : 65.0,
    "throughput" : 15.384615384615385,
    "receivedKBytesPerSec" : 3.230168269230769,
    "sentKBytesPerSec" : 5.618990384615384
  },
  "获取图片验证码" : {
    "transaction" : "获取图片验证码",
    "sampleCount" : 1,
    "errorCount" : 0,
    "errorPct" : 0.0,
    "meanResTime" : 105.0,
    "minResTime" : 105.0,
    "maxResTime" : 105.0,
    "pct1ResTime" : 105.0,
    "pct2ResTime" : 105.0,
    "pct3ResTime" : 105.0,
    "throughput" : 9.523809523809526,
    "receivedKBytesPerSec" : 20.414806547619047,
    "sentKBytesPerSec" : 1.4694940476190477
  },
  "是否登录" : {
    "transaction" : "是否登录",
    "sampleCount" : 1,
    "errorCount" : 0,
    "errorPct" : 0.0,
    "meanResTime" : 34.0,
    "minResTime" : 34.0,
    "maxResTime" : 34.0,
    "pct1ResTime" : 34.0,
    "pct2ResTime" : 34.0,
    "pct3ResTime" : 34.0,
    "throughput" : 29.41176470588235,
    "receivedKBytesPerSec" : 5.227481617647059,
    "sentKBytesPerSec" : 8.645450367647058
  },
  "实名认证" : {
    "transaction" : "实名认证",
    "sampleCount" : 1,
    "errorCount" : 0,
    "errorPct" : 0.0,
    "meanResTime" : 50.0,
    "minResTime" : 50.0,
    "maxResTime" : 50.0,
    "pct1ResTime" : 50.0,
    "pct2ResTime" : 50.0,
    "pct3ResTime" : 50.0,
    "throughput" : 20.0,
    "receivedKBytesPerSec" : 4.58984375,
    "sentKBytesPerSec" : 13.84765625
  },
  "登录-2" : {
    "transaction" : "登录-2",
    "sampleCount" : 1,
    "errorCount" : 0,
    "errorPct" : 0.0,
    "meanResTime" : 62.0,
    "minResTime" : 62.0,
    "maxResTime" : 62.0,
    "pct1ResTime" : 62.0,
    "pct2ResTime" : 62.0,
    "pct3ResTime" : 62.0,
    "throughput" : 16.129032258064516,
    "receivedKBytesPerSec" : 3.165952620967742,
    "sentKBytesPerSec" : 5.119077620967742
  },
  "登录-1" : {
    "transaction" : "登录-1",
    "sampleCount" : 1,
    "errorCount" : 0,
    "errorPct" : 0.0,
    "meanResTime" : 95.0,
    "minResTime" : 95.0,
    "maxResTime" : 95.0,
    "pct1ResTime" : 95.0,
    "pct2ResTime" : 95.0,
    "pct3ResTime" : 95.0,
    "throughput" : 10.526315789473683,
    "receivedKBytesPerSec" : 3.680098684210526,
    "sentKBytesPerSec" : 2.6932565789473686
  }
}